ID, Name
1,Claire Gute
2,Darrin Van Huff
3,Sean O'Donnell
4,Brosina Hoffman
5,Andrew Allen
6,Irene Maddox
7,Harold Pawlan
8,Pete Kriz
9,Alejandro Grove
10,Zuschuss Donatelli
11,Ken Black
12,Sandra Flanagan
13,Emily Burns
14,Eric Hoffmann
15,Tracy Blumstein
16,Matt Abelman
17,Gene Hale
18,Steve Nguyen
19,Linda Cazamias
20,Ruben Ausman
21,Erin Smith
22,Odella Nelson
23,Patrick O'Donnell
24,Lena Hernandez
25,Darren Powers
26,Janet Molinari
27,Ted Butterfield
28,Kunst Miller
29,Paul Stevenson
30,Brendan Sweed
31,Karen Daniels
32,Henry MacAllister
33,Joel Eaton
34,Ken Brennan
35,Stewart Carmichael
36,Duane Noonan
37,Julie Creighton
38,Christopher Schild
39,Paul Gonzalez
40,Gary Mitchum
41,Jim Sink
42,Karl Braun
43,Roger Barcio
44,Parhena Norris
45,Katherine Ducich
46,Elpida Rittenbach
47,Rick Bensley
48,Gary Zandusky
49,Lena Cacioppo
50,Janet Martin
51,Pete Armstrong
52,Cynthia Voltz
53,Clay Ludtke
54,Ryan Crowe
55,Dave Kipp
56,Greg Guthrie
57,Steven Cartwright
58,Alan Dominguez
59,Philip Fox
60,Troy Staebel
61,Lindsay Shagiari
62,Dorothy Wardle
63,Lena Creighton
64,Jonathan Doherty
65,Sally Hughsby
66,Sandra Glassco
67,Helen Andreada
68,Maureen Gastineau
69,Justin Ellison
70,Tamara Willingham
71,Stephanie Phelps
72,Neil Knudson
73,Dave Brooks
74,Nora Paige
75,Ted Trevino
76,Eric Murdock
77,Ruben Dartt
78,Max Jones
79,Becky Martin
80,Chad Sievert
81,Jennifer Braxton
82,Shirley Jackson
83,Jim Kriz
84,David Kendrick
85,Robert Marley
86,Sally Knutson
87,Frank Merwin
88,Alice McCarthy
89,Mark Packer
90,Mary Zewe
91,Cassandra Brandow
92,Valerie Mitchum
93,Fred Hopkins
94,Maria Bertelson
95,Bruce Stewart
96,Logan Currie
97,Heather Kirkland
98,Laurel Elliston
99,Joseph Holt
100,Michael Stewart
101,Victoria Wilson
102,Jonathan Howell
103,Joni Blumstein
104,David Smith
105,Valerie Dominguez
106,Erin Ashbrook
107,David Bremer
108,Ken Lonsdale
109,Dianna Wilson
110,Logan Haushalter
111,Kelly Collister
112,Delfina Latchford
113,Dan Reichenbach
114,Craig Carreira
115,Dorris liebe
116,Sean Braxton
117,Roy Collins
118,Alan Hwang
119,Claudia Bergmann
120,Christine Abelman
121,Kristen Hastings
122,Barry Blumstein
123,Andrew Gjertsen
124,Jas O'Carroll
125,Alan Haines
126,Nick Zandusky
127,Kelly Lampkin
128,Alan Schoenberger
129,Corey Roper
130,Shahid Hopkins
131,Ben Peterman
132,Thomas Seio
133,Andy Gerbode
134,Sung Pak
135,Nathan Mautz
136,Frank Atkinson
137,Grace Kelly
138,Don Jones
139,Patrick O'Brill
140,John Lucas
141,Doug Bickford
142,Alyssa Crouse
143,Clay Cheatham
144,Tamara Dahlen
145,Adam Bellavance
146,Jeremy Lonsdale
147,Victoria Brennan
148,Katrina Willman
149,Julia Dunbar
150,Michael Kennedy
151,Guy Thornton
152,Arthur Gainer
153,Muhammed MacIntyre
154,Allen Rosenblatt
155,Russell Applegate
156,Alejandro Savely
157,Laura Armstrong
158,Denny Ordway
159,Dean Katz
160,Nathan Gelder
161,Mike Vittorini
162,Jack Garza
163,Bart Pistole
164,Victor Preis
165,Saphhira Shifley
166,Anna Gayman
167,Luke Foster
168,Roy Französisch
169,Keith Herrera
170,Kimberly Carter
171,Caroline Jumper
172,Philip Brown
173,Michael Paige
174,Natalie Fritzler
175,Shirley Daniels
176,Ken Heidel
177,Ross Baird
178,Mike Kennedy
179,Philisse Overcash
180,Brenda Bowman
181,Troy Blackwell
182,Raymond Buch
183,Ed Braxton
184,Sanjit Chand
185,Tanja Norvell
186,Joni Sundaresam
187,Maya Herman
188,Jeremy Pistek
189,Jeremy Ellison
190,John Grady
191,Xylona Preis
192,Erin Mull
193,Michelle Tran
194,Sue Ann Reed
195,Carl Weiss
196,Astrea Jones
197,Sonia Sunley
198,Rose O'Brian
199,Maribeth Dona
200,Maribeth Yedwab
201,Christopher Martinez
202,Lynn Smith
203,Bradley Nguyen
204,Dean Braden
205,Matt Connell
206,Brian Dahlen
207,Patricia Hirasaki
208,Mike Gockenbach
209,Karen Bern
210,Jasper Cacioppo
211,Rob Lucas
212,Allen Armold
213,Emily Phan
214,Darren Koutras
215,Bradley Drucker
216,Liz MacKendrick
217,Adrian Shami
218,Bill Donatelli
219,Greg Tran
220,Ashley Jarboe
221,Olvera Toch
222,Liz Pelletier
223,Cynthia Arntzen
224,Jeremy Farry
225,Frank Preis
226,Ellis Ballard
227,Jennifer Ferguson
228,Sarah Foster
229,Trudy Glocke
230,Carlos Soltero
231,Charles Crestani
232,Dianna Vittorini
233,Bruce Degenhardt
234,Zuschuss Carroll
235,Melanie Seite
236,Lena Radford
237,Theone Pippenger
238,Chloris Kastensmidt
239,Alan Shonely
240,Andrew Roberts
241,Nona Balk
242,Giulietta Dortch
243,Clytie Kelty
244,Nat Gilpin
245,Christina Anderson
246,Sylvia Foulston
247,Meg O'Connel
248,Annie Thurman
249,Fred McMath
250,Denny Joy
251,Max Engle
252,Justin Deggeller
253,John Lee
254,Sean Christensen
255,Chuck Clark
256,Anthony Rawles
257,Steven Roelle
258,Craig Reiter
259,Eugene Hildebrand
260,Sibella Parks
261,Tiffany House
262,Resi Pölking
263,Rob Beeghly
264,Carol Darley
265,Doug Jacobs
266,Grant Thornton
267,Michael Chen
268,Ralph Arnett
269,Naresj Patel
270,Alan Barnes
271,Jesus Ocampo
272,Jay Kimmel
273,Brad Norvell
274,David Philippe
275,Tracy Hopkins
276,Arthur Prichep
277,Roland Schwarz
278,Seth Vernon
279,Christine Kargatis
280,Ross DeVincentis
281,Mathew Reese
282,Steve Chapman
283,Jay Fein
284,Emily Grady
285,Darrin Sayre
286,Phillina Ober
287,Sung Shariari
288,Peter Bühler
289,Roland Fjeld
290,Yoseph Carroll
291,Debra Catini
292,Christine Phan
293,Barry Französisch
294,Lisa Hazard
295,Chris Selesnick
296,Anthony Johnson
297,Benjamin Venier
298,Dan Lawera
299,Bryan Mills
300,Liz Thompson
301,Joe Kamberova
302,Erica Smith
303,Rick Hansen
304,Carlos Daly
305,Helen Wasserman
306,Mike Caudle
307,Gary McGarr
308,Pauline Johnson
309,Bart Watters
310,Toby Ritter
311,Patrick Gardner
312,James Lanier
313,Brian Moss
314,Eudokia Martin
315,Art Foster
316,Guy Armstrong
317,Cyma Kinney
318,Dave Poirier
319,Berenike Kampe
320,Sanjit Jacobs
321,Chuck Magee
322,Anthony Jacobs
323,Linda Southworth
324,Guy Phonely
325,Paul Knutson
326,Sally Matthias
327,Anthony Garverick
328,Peter McVee
329,Lauren Leatherbury
330,Jill Stevenson
331,Ed Ludwig
332,Pamela Coakley
333,Hunter Lopez
334,Maribeth Schnelling
335,George Bell
336,Justin Ritter
337,Bill Eplett
338,Sample Company A
339,Rob Williams
340,Sanjit Engle
341,Adam Hart
342,Jessica Myrick
343,Joel Jenkins
344,Ralph Kennedy
345,Catherine Glotzbach
346,Rachel Payne
347,Karen Carlisle
348,Katherine Hughes
349,Greg Hansen
350,Scott Williamson
351,Joseph Airdo
352,Daniel Lacy
353,Lindsay Williams
354,Thomas Brumley
355,Bryan Spruell
356,Robert Waldorf
357,Tracy Zic
358,Ann Steele
359,Toby Swindell
360,Sara Luxemburg
361,Mitch Willingham
362,Rob Dowd
363,Ryan Akin
364,Meg Tillman
365,Vivek Gonzalez
366,John Stevenson
367,Kalyca Meade
368,Hallie Redmond
369,Deanra Eno
370,Allen Goldenen
371,Jennifer Jackson
372,Jennifer Halladay
373,Robert Dilbeck
374,Mary O'Rourke
375,Noel Staavos
376,Deirdre Greer
377,Nicole Fjeld
378,Matthew Grinstein
379,Theresa Swint
380,Brian DeCherney
381,Charles McCrossin
382,Skye Norling
383,Erica Hernandez
384,Frank Olsen
385,Maurice Satty
386,Chad Cunningham
387,Don Weiss
388,Bill Tyler
389,Craig Yedwab
390,Brad Thomas
391,Penelope Sewall
392,Paul Van Hugh
393,Neoma Murray
394,Dionis Lloyd
395,Christine Sundaresam
396,Frank Hawley
397,Nat Carroll
398,Alex Avila
399,Larry Tron
400,Anne Pryor
401,Paul MacIntyre
402,Alyssa Tate
403,Cathy Armstrong
404,Harold Ryan
405,Bradley Talbott
406,Larry Hughes
407,Steven Ward
408,Stefania Perrino
409,Ben Ferrer
410,Kean Thornton
411,Brooke Gillingham
412,Greg Matthias
413,Eva Jacobs
414,Nora Preis
415,Mick Hernandez
416,Jocasta Rupert
417,Suzanne McNair
418,Chris Cortes
419,Phillip Flathmann
420,Dan Campbell
421,Bryan Davis
422,Gene McClure
423,Todd Boyes
424,Justin Hirsh
425,Erica Bern
426,Quincy Jones
427,Tracy Collins
428,Chuck Sachs
429,Henry Goldwyn
430,Laurel Workman
431,Matt Collins
432,Liz Preis
433,Evan Bailliet
434,George Zrebassa
435,Cathy Prescott
436,Frank Gastineau
437,Lisa DeCherney
438,Alejandro Ballentine
439,Michael Nguyen
440,Jim Radford
441,Jamie Frazer
442,Chad McGuire
443,Aaron Smayling
444,Beth Paige
445,Natalie DeCherney
446,Larry Blacks
447,Kean Takahito
448,Harry Marie
449,Ann Blume
450,Sam Zeldin
451,Michael Granlund
452,Julie Kriz
453,Paul Prost
454,Yana Sorensen
455,Katherine Murray
456,Adrian Barton
457,Helen Abelman
458,Beth Thompson
459,Stuart Van
460,Rick Wilson
461,Damala Kotsonis
462,Shui Tom
463,Michael Moore
464,Pauline Webber
465,Shaun Chance
466,Thais Sissman
467,Mark Cousins
468,Maria Etezadi
469,Nicole Hansen
470,Mick Brown
471,Keith Dawkins
472,Katherine Nockton
473,Nora Pelletier
474,Cindy Stewart
475,Maxwell Schwartz
476,Corinna Mitchell
477,Corey-Lock
478,Todd Sumrall
479,Jane Waco
480,John Dryer
481,Pauline Chand
482,Andy Reiter
483,Arianne Irving
484,Tom Boeckenhauer
485,Paul Lucas
486,Gary Hwang
487,Mike Pelletier
488,Jim Mitchum
489,Carl Ludwig
490,Deborah Brumfield
491,Ivan Gibson
492,Bobby Odegard
493,Aimee Bixby
494,Julia West
495,Edward Becker
496,Sheri Gordon
497,Charlotte Melton
498,Anthony Witt
499,Mick Crebagga
500,Tonja Turnell
501,Vivek Grady
502,Muhammed Yedwab
503,Rick Duston
504,Dennis Pardue
505,Marina Lichtenstein
506,Jenna Caffey
507,James Galang
508,Marc Crier
509,Natalie Webber
510,Toby Braunhardt
511,Bill Stewart
512,Hilary Holden
513,Christina DeMoss
514,Thea Hendricks
515,Michelle Moray
516,Neola Schneider
517,Robert Barroso
518,Shaun Weien
519,Eric Barreto
520,Pamela Stobb
521,Herbert Flentye
522,Henia Zydlo
523,Cynthia Delaney
524,Jamie Kunitz
525,Filia McAdams
526,Emily Ducich
527,Dianna Arnett
528,Joni Wasserman
529,Raymond Messe
530,Max Ludwig
531,Craig Carroll
532,Jim Epp
533,Roy Phan
534,Thomas Boland
535,Brad Eason
536,Jill Fjeld
537,Phillip Breyer
538,Brian Thompson
539,Janet Lee
540,Cathy Hwang
541,Neil Ducich
542,Barbara Fisher
543,Katharine Harms
544,Giulietta Weimer
545,Noah Childs
546,Michelle Ellison
547,Benjamin Patterson
548,John Castell
549,Adam Shillingsburg
550,Amy Cox
551,Michael Dominguez
552,Duane Benoit
553,Erica Hackney
554,Edward Hooks
555,Scot Coram
556,Joe Elijah
557,Ann Chong
558,Joy Daniels
559,Christy Brittain
560,Joy Smith
561,Luke Weiss
562,Stuart Calhoun
563,Anne McFarland
564,Rick Huthwaite
565,Carol Triggs
566,Matt Collister
567,Corey Catlett
568,Kelly Andreada
569,Tamara Chand
570,Bart Folk
571,Magdelene Morse
572,Adrian Hane
573,Ben Wallace
574,Scot Wooten
575,Brian Stugart
576,Randy Ferguson
577,William Brown
578,Trudy Brown
579,Art Ferguson
580,Richard Bierner
581,Karen Ferguson
582,John Huston
583,Ivan Liston
584,Patrick Bzostek
585,Rob Haberlin
586,Arthur Wiediger
587,Maris LaWare
588,Dorothy Badders
589,Matt Hagelstein
590,Dennis Kane
591,Bobby Trafton
592,Denny Blanton
593,Toby Gnade
594,Barry Franz
595,Justin MacKendrick
596,Maria Zettner
597,Mitch Webber
598,Mark Van Huff
599,Sean Miller
600,Tom Prescott
601,Jim Karlsson
602,Patrick Jones
603,Ricardo Sperren
604,Susan Vittorini
605,Becky Castell
606,Elizabeth Moffitt
607,Brendan Murry
608,Kristina Nunn
609,Kelly Williams
610,Scott Cohen
611,Christina VanderZanden
612,Speros Goranitis
613,Tamara Manning
614,Eleni McCrary
615,Michelle Lonsdale
616,Clay Rozendal
617,Annie Zypern
618,Pierre Wener
619,Shahid Collister
620,Carlos Meador
621,Greg Maxwell
622,Tim Brockman
623,John Murray
624,Sonia Cooley
625,Luke Schmidt
626,Ralph Ritter
627,Daniel Byrd
628,Thomas Thornton
629,Lori Olson
630,Ken Dana
631,Nicole Brennan
632,Brian Derr
633,Chris McAfee
634,Edward Nazzal
635,Kean Nguyen
636,Bill Overfelt
637,Aleksandra Gannaway
638,Matthew Clasen
639,Tom Ashbrook
640,Jason Fortune-
641,Tim Taslimi
642,Sarah Bern
643,Craig Leslie
644,Hunter Glantz
645,Nancy Lomonaco
646,Rick Reed
647,Toby Carlisle
648,Stewart Visinsky
649,Bobby Elias
650,Steve Carroll
651,David Flashing
652,Fred Harton
653,MaryBeth Skach
654,Ritsa Hightower
655,George Ashbrook
656,Julie Prescott
657,Dean percer
658,Michael Oakman
659,Denise Leinenbach
660,Michelle Huthwaite
661,Daniel Raglin
662,Darrin Martin
663,Carol Adams
664,Anna Chung
665,Denise Monton
666,Vicky Freymann
667,Christopher Conant
668,Beth Fritzler
669,Harry Greene
670,Becky Pak
671,Eugene Moren
672,Michelle Arnett
673,Andy Yotov
674,Giulietta Baptist
675,Julia Barnett
676,Michael Grace
677,Sharelle Roach
678,Joy Bell-
679,Dario Medina
680,Tony Chapman
681,Sean Wendt
682,Richard Eichhorn
683,Benjamin Farhat
684,Katrina Bavinger
685,Jason Gross
686,Erin Creighton
687,Eugene Barchas
688,Jennifer Patt
689,Cari Sayre
690,Gary Hansen
691,Pete Takahito
692,Jack Lebron
693,Aaron Hawkins
694,Cindy Chapman
695,David Wiener
696,Sarah Jordon
697,Bruce Geld
698,Laurel Beltran
699,Candace McMahon
700,Evan Henry
701,Tony Sayre
702,Patrick Ryan
703,Liz Carlisle
704,Cindy Schnelling
705,Dave Hallsten
706,Jack O'Briant
707,Anna Häberlin
708,Heather Jas
709,Mark Hamilton
710,Russell D'Ascenzo
711,Sam Craven
712,Stephanie Ulpright
713,Fred Chung
714,Randy Bradley
715,Nick Crebassa
716,Darren Budd
717,Maureen Fritzler
718,Roland Murray
719,Vivian Mathis
720,Ed Jacobs
721,Nathan Cano
722,Lycoris Saunders
723,Katrina Edelman
724,Duane Huffman
725,Peter Fuller
726,Valerie Takahito
727,Maureen Gnade
728,Susan Pistek
729,Charles Sheldon
730,Dana Kaydos
731,Khloe Miller
732,Anna Andreadi
733,Dorothy Dickinson
734,Amy Hunt
735,Tracy Poddar
736,Eileen Kiefer
737,Cyra Reiten
738,Susan Gilcrest
739,Angele Hood
740,Neil Französisch
741,Bill Shonely
742,Stefanie Holloman
743,Roger Demir
744,Alex Grayson
745,Georgia Rosenberg
746,Vivek Sundaresam
747,Tony Molinari
748,Tom Stivers
749,Dennis Bolton
750,Nick Radford
751,Cari Schnelling
752,Monica Federle
753,Liz Willingham
754,Alex Russell
755,Karen Seio
756,Aaron Bergman
757,Lisa Ryan
758,Shahid Shariari
759,Jill Matthias
760,Jason Klamczynski
761,Don Miller
762,Muhammed Lee
763,Marc Harrigan
764,Frank Carlisle
765,Thea Hudgings
766,Juliana Krohn
767,Sarah Brown
768,Barry Gonzalez
769,Barry Weirich
770,Mitch Gastineau
771,Doug O'Connell
772,Barry Pond
773,Trudy Schmidt
774,Evan Minnotte
775,Anthony O'Donnell
776,Mark Haberlin
777,Shirley Schmidt
778,Lela Donovan
779,Victoria Pisteka
780,Theresa Coyne
781,Ionia McGrath
782,Anemone Ratner
783,Craig Molinari
784,Fred Wasserman
785,Lindsay Castell
786,Harold Engle
787,Brendan Dodson
788,Harold Dahlen
789,Carl Jackson
790,Roy Skaria
791,Sung Chung
792,Ricardo Emerson
793,Susan MacKendrick
794,AAA
